-- TEAM 1 (2019)
INSERT INTO "PUBLIC"."TEAM"("ID","COACH","YEAR")VALUES(1,'Dominique Ducharme',2019); 

INSERT INTO "PUBLIC"."PLAYER"("ID","NUMBER","NAME","LASTNAME","POSITION","TEAM_ID")
VALUES(1, 31,'Carley','Price','goaltender',1);

INSERT INTO "PUBLIC"."PLAYER"("ID","NUMBER","NAME","LASTNAME","POSITION","TEAM_ID")
VALUES(2, 14,'Nick','Suzuki','forward',1);

INSERT INTO "PUBLIC"."PLAYER"("ID","NUMBER","NAME","LASTNAME","POSITION","TEAM_ID")
VALUES(3, 15,'Jesperi','Kotkaniemi','forward', 1);

INSERT INTO "PUBLIC"."PLAYER"("ID","NUMBER","NAME","LASTNAME","POSITION","TEAM_ID")
VALUES(4, 15,'Jake','Evans','forward', 1);

INSERT INTO "PUBLIC"."PLAYER"("ID","NUMBER","NAME","LASTNAME","POSITION","TEAM_ID")
VALUES(5, 27,'Alexander','Romanov','defenseman', 1);

INSERT INTO "PUBLIC"."PLAYER"("ID","NUMBER","NAME","LASTNAME","POSITION","TEAM_ID")
VALUES(6, 6,'Shea','Weber','defenseman', 1);

UPDATE TEAM SET CAPTAIN_ID = 6 WHERE ID = 1;

INSERT INTO "PUBLIC"."TEAM_PLAYERS"("TEAM_ENTITY_ID","PLAYERS_ID")VALUES(1,1); 
INSERT INTO "PUBLIC"."TEAM_PLAYERS"("TEAM_ENTITY_ID","PLAYERS_ID")VALUES(1,2);
INSERT INTO "PUBLIC"."TEAM_PLAYERS"("TEAM_ENTITY_ID","PLAYERS_ID")VALUES(1,3); 
INSERT INTO "PUBLIC"."TEAM_PLAYERS"("TEAM_ENTITY_ID","PLAYERS_ID")VALUES(1,4); 
INSERT INTO "PUBLIC"."TEAM_PLAYERS"("TEAM_ENTITY_ID","PLAYERS_ID")VALUES(1,5);
INSERT INTO "PUBLIC"."TEAM_PLAYERS"("TEAM_ENTITY_ID","PLAYERS_ID")VALUES(1,6);   

-- TEAM 2 (2020)

INSERT INTO "PUBLIC"."TEAM"("ID","COACH","YEAR")VALUES(2,'Dominique Ducharme',2020); 

INSERT INTO "PUBLIC"."PLAYER"("ID","NUMBER","NAME","LASTNAME","POSITION","TEAM_ID")
VALUES(7, 31,'Carley','Price','goaltender',2);

INSERT INTO "PUBLIC"."PLAYER"("ID","NUMBER","NAME","LASTNAME","POSITION","TEAM_ID")
VALUES(8, 14,'Nick','Suzuki','forward',2);

INSERT INTO "PUBLIC"."PLAYER"("ID","NUMBER","NAME","LASTNAME","POSITION","TEAM_ID")
VALUES(9, 15,'Jesperi','Kotkaniemi','forward', 2);

INSERT INTO "PUBLIC"."PLAYER"("ID","NUMBER","NAME","LASTNAME","POSITION","TEAM_ID")
VALUES(10, 15,'Jake','Evans','forward', 2);

INSERT INTO "PUBLIC"."PLAYER"("ID","NUMBER","NAME","LASTNAME","POSITION","TEAM_ID")
VALUES(11, 27,'Alexander','Romanov','defenseman', 2);

INSERT INTO "PUBLIC"."PLAYER"("ID","NUMBER","NAME","LASTNAME","POSITION","TEAM_ID")
VALUES(12, 6,'Shea','Weber','defenseman', 2);

INSERT INTO "PUBLIC"."TEAM_PLAYERS"("TEAM_ENTITY_ID","PLAYERS_ID")VALUES(2,7); 
INSERT INTO "PUBLIC"."TEAM_PLAYERS"("TEAM_ENTITY_ID","PLAYERS_ID")VALUES(2,8);
INSERT INTO "PUBLIC"."TEAM_PLAYERS"("TEAM_ENTITY_ID","PLAYERS_ID")VALUES(2,9); 
INSERT INTO "PUBLIC"."TEAM_PLAYERS"("TEAM_ENTITY_ID","PLAYERS_ID")VALUES(2,10); 
INSERT INTO "PUBLIC"."TEAM_PLAYERS"("TEAM_ENTITY_ID","PLAYERS_ID")VALUES(2,11);
INSERT INTO "PUBLIC"."TEAM_PLAYERS"("TEAM_ENTITY_ID","PLAYERS_ID")VALUES(2,12);   


UPDATE TEAM SET CAPTAIN_ID = 12 WHERE ID = 2;
